step,train_loss,epoch
49,0.08545275032520294,0
99,0.041781600564718246,0
